sweep_id,run_id,candidate_id,schema_version,threshold,combined_accuracy,combined_precision,combined_recall,combined_tnr,combined_fpr,combined_fnr,combined_f1,combined_g_mean,split_count,weighted_row_count,default_distance,new_prices_accuracy_mean,new_prices_accuracy_std,new_prices_precision_mean,new_prices_precision_std,new_prices_recall_mean,new_prices_recall_std,new_prices_tnr_mean,new_prices_tnr_std,new_prices_fpr_mean,new_prices_fpr_std,new_prices_fnr_mean,new_prices_fnr_std,new_prices_f1_mean,new_prices_f1_std,new_prices_g_mean_mean,new_prices_g_mean_std,new_prices_true_positives_mean,new_prices_true_positives_std,new_prices_false_positives_mean,new_prices_false_positives_std,new_prices_false_negatives_mean,new_prices_false_negatives_std,new_prices_true_negatives_mean,new_prices_true_negatives_std,new_prices_n_rows_mean,new_prices_n_rows_std,new_prices_n_injected_mean,new_prices_n_injected_std,new_prices_n_predicted_mean,new_prices_n_predicted_std,new_products_accuracy_mean,new_products_accuracy_std,new_products_precision_mean,new_products_precision_std,new_products_recall_mean,new_products_recall_std,new_products_tnr_mean,new_products_tnr_std,new_products_fpr_mean,new_products_fpr_std,new_products_fnr_mean,new_products_fnr_std,new_products_f1_mean,new_products_f1_std,new_products_g_mean_mean,new_products_g_mean_std,new_products_true_positives_mean,new_products_true_positives_std,new_products_false_positives_mean,new_products_false_positives_std,new_products_false_negatives_mean,new_products_false_negatives_std,new_products_true_negatives_mean,new_products_true_negatives_std,new_products_n_rows_mean,new_products_n_rows_std,new_products_n_injected_mean,new_products_n_injected_std,new_products_n_predicted_mean,new_products_n_predicted_std,weighted_f1_mean,rank_score,config_key,is_baseline_config,training_time_sec,n_estimators,max_samples,max_features,contamination,experiment_family,detector_family,dataset_name,dataset_granularity,mh_level,scope_id,status,error,stage,model_name,n_train,n_eval_prices,n_eval_products,attempt_count,current_threshold,current_f1,improvement_pct,screening_threshold,screened_config_count,promoted_config_count
single_config_optimized_mh5_run,if_COUNTRY_1_COUNTRY_1_2026-02-08_20260330T202108Z,if__contamination_auto__max_features_0p75__max_samples_256__n_estimators_200__threshold_0p3,phase2.v1,0.3,0.8503558248488334,0.3882104099251718,0.8329390859295711,0.8522910109962777,0.1477089890037222,0.16706091407042886,0.5292109820650446,0.8423498346195368,2,455831,0.6000000000000001,0.8666918001885014,0.0,0.41969641883293946,0.0,0.8704052780395853,0.0,0.866279191538381,0.0,0.13372080846161902,0.0,0.12959472196041472,0.0,0.5663212117495555,0.0,0.8683397840539564,0.0,9235.0,0.0,12769.0,0.0,1375.0,0.0,82721.0,0.0,106100.0,0.0,10610.0,0.0,22004.0,0.0,0.8122385490562747,0.0,0.3147430558070474,0.0,0.7455179710062048,0.0,0.8196519230647037,0.0,0.18034807693529634,0.0,0.25448202899379524,0.0,0.4426204461345194,0.0,0.7817066192725579,0.0,26073.0,0.0,56766.0,0.0,8900.0,0.0,257992.0,0.0,349731.0,0.0,34973.0,0.0,82839.0,0.0,0.5292109820650446,0.8423498346195368,if__contamination_auto__max_features_0p75__max_samples_256__n_estimators_200,False,11.876109,200,256,0.75,auto,tuning_forests,if,COUNTRY_1,by_country,mh20,COUNTRY_1/COUNTRY_1_2026-02-08,ok,,threshold_sweep,COUNTRY_1_mh20,1298103,106100,349731,1,0.42000000000000004,0.6051228941993503,-12.544875241374932,0.48,12,3
single_config_optimized_mh5_run,if_COUNTRY_1_COUNTRY_1_2026-02-08_20260330T202108Z,if__contamination_auto__max_features_0p75__max_samples_256__n_estimators_200__threshold_0p36,phase2.v1,0.36,0.8824220341735598,0.45551105498097344,0.7709190418147533,0.8948112380779513,0.10518876192204873,0.2290809581852466,0.5717515245615872,0.8302291434235757,2,455831,0.54,0.9010367577756834,0.0,0.5032107413893754,0.0,0.8124410933081998,0.0,0.9108807204942926,0.0,0.0891192795057074,0.0,0.1875589066918002,0.0,0.6214852198990627,0.0,0.8602539906514494,0.0,8620.0,0.0,8510.0,0.0,1990.0,0.0,86980.0,0.0,106100.0,0.0,10610.0,0.0,17130.0,0.0,0.8389876791019384,0.0,0.3442117866947024,0.0,0.6740342549967118,0.0,0.8573157791064882,0.0,0.14268422089351185,0.0,0.32596574500328823,0.0,0.4557062354408111,0.0,0.7601711665585371,0.0,23573.0,0.0,44911.0,0.0,11400.0,0.0,269847.0,0.0,349731.0,0.0,34973.0,0.0,68484.0,0.0,0.5717515245615872,0.8302291434235757,if__contamination_auto__max_features_0p75__max_samples_256__n_estimators_200,False,11.876109,200,256,0.75,auto,tuning_forests,if,COUNTRY_1,by_country,mh20,COUNTRY_1/COUNTRY_1_2026-02-08,ok,,threshold_sweep,COUNTRY_1_mh20,1298103,106100,349731,1,0.42000000000000004,0.6051228941993503,,0.48,12,3
single_config_optimized_mh5_run,if_COUNTRY_1_COUNTRY_1_2026-02-08_20260330T202108Z,if__contamination_auto__max_features_0p75__max_samples_256__n_estimators_200__threshold_0p42,phase2.v1,0.42000000000000004,0.8989356784463436,0.5087371074283573,0.6726384560077893,0.9240797879178066,0.07592021208219321,0.3273615439922107,0.577166232633137,0.7882736856198469,2,455831,0.52,0.9168143261074458,0.0,0.5682270154505125,0.0,0.7001885014137607,0.0,0.9408838621845219,0.0,0.05911613781547806,0.0,0.2998114985862394,0.0,0.627343354163148,0.0,0.8116625292985821,0.0,7429.0,0.0,5645.0,0.0,3181.0,0.0,89845.0,0.0,106100.0,0.0,10610.0,0.0,13074.0,0.0,0.8572188339037717,0.0,0.36992732204332857,0.0,0.6083550167271895,0.0,0.8848702812954714,0.0,0.11512971870452855,0.0,0.39164498327281044,0.0,0.4600862823964449,0.0,0.7336997170361315,0.0,21276.0,0.0,36238.0,0.0,13697.0,0.0,278520.0,0.0,349731.0,0.0,34973.0,0.0,57514.0,0.0,0.577166232633137,0.7882736856198469,if__contamination_auto__max_features_0p75__max_samples_256__n_estimators_200,False,11.876109,200,256,0.75,auto,tuning_forests,if,COUNTRY_1,by_country,mh20,COUNTRY_1/COUNTRY_1_2026-02-08,ok,,threshold_sweep,COUNTRY_1_mh20,1298103,106100,349731,1,0.42000000000000004,0.6051228941993503,,0.48,12,3
single_config_optimized_mh5_run,if_COUNTRY_1_COUNTRY_1_2026-02-08_20260330T202108Z,if__contamination_auto__max_features_0p75__max_samples_256__n_estimators_200__threshold_0p48,phase2.v1,0.48000000000000004,0.9122270435957603,0.5700764252408738,0.5743717772533452,0.949766478539285,0.050233521460714955,0.4256282227466547,0.5707622511587872,0.7383373154972444,2,455831,0.5800000000000001,0.925004712535344,0.0,0.6314537706867506,0.0,0.6005655042412819,0.0,0.9610535134569065,0.0,0.03894648654309352,0.0,0.3994344957587182,0.0,0.615622433698855,0.0,0.759720730210847,0.0,6372.0,0.0,3719.0,0.0,4238.0,0.0,91771.0,0.0,106100.0,0.0,10610.0,0.0,10091.0,0.0,0.8824124827367319,0.0,0.4268626192004946,0.0,0.51325308094816,0.0,0.9234300637315017,0.0,0.07656993626849834,0.0,0.48674691905184,0.0,0.466088491898629,0.0,0.6884426811655049,0.0,17950.0,0.0,24101.0,0.0,17023.0,0.0,290657.0,0.0,349731.0,0.0,34973.0,0.0,42051.0,0.0,0.5707622511587872,0.7383373154972444,if__contamination_auto__max_features_0p75__max_samples_256__n_estimators_200,False,11.876109,200,256,0.75,auto,tuning_forests,if,COUNTRY_1,by_country,mh20,COUNTRY_1/COUNTRY_1_2026-02-08,ok,,threshold_sweep,COUNTRY_1_mh20,1298103,106100,349731,1,0.42000000000000004,0.6051228941993503,,0.48,12,3
single_config_optimized_mh5_run,if_COUNTRY_1_COUNTRY_1_2026-02-08_20260330T202108Z,if__contamination_auto__max_features_0p75__max_samples_256__n_estimators_200__threshold_0p54,phase2.v1,0.54,0.914682720914753,0.6067372765170991,0.44146067979248726,0.9672628938977959,0.032737106102204046,0.5585393202075126,0.5104336968110119,0.6530382907227257,2,455831,0.64,0.923119698397738,0.0,0.6654972338415869,0.0,0.4648444863336475,0.0,0.9740391664048591,0.0,0.025960833595140852,0.0,0.5351555136663525,0.0,0.547361411686366,0.0,0.6728868671450803,0.0,4932.0,0.0,2479.0,0.0,5678.0,0.0,93011.0,0.0,106100.0,0.0,10610.0,0.0,7411.0,0.0,0.8949964401211217,0.0,0.46963070942662777,0.0,0.3868984645297801,0.0,0.9514515913813152,0.0,0.048548408618684834,0.0,0.6131015354702198,0.0,0.42426902876851924,0.0,0.6067249457372316,0.0,13531.0,0.0,15281.0,0.0,21442.0,0.0,299477.0,0.0,349731.0,0.0,34973.0,0.0,28812.0,0.0,0.5104336968110119,0.6530382907227257,if__contamination_auto__max_features_0p75__max_samples_256__n_estimators_200,False,11.876109,200,256,0.75,auto,tuning_forests,if,COUNTRY_1,by_country,mh20,COUNTRY_1/COUNTRY_1_2026-02-08,ok,,threshold_sweep,COUNTRY_1_mh20,1298103,106100,349731,1,0.42000000000000004,0.6051228941993503,,0.48,12,3
single_config_optimized_mh5_run,if_COUNTRY_1_COUNTRY_1_2026-02-08_20260330T202108Z,if__contamination_auto__max_features_0p75__max_samples_256__n_estimators_200__threshold_0p6,phase2.v1,0.6000000000000001,0.9125293172314574,0.6280256004935034,0.3086878319731394,0.9796227483722414,0.020377251627758584,0.6913121680268605,0.41391159507605474,0.5494399248303278,2,455831,0.7000000000000001,0.9163242224316682,0.0,0.6671814671814672,0.0,0.3257304429783223,0.0,0.98194575348204,0.0,0.018054246517959997,0.0,0.6742695570216777,0.0,0.43774540848638377,0.0,0.5655524955849699,0.0,3456.0,0.0,1724.0,0.0,7154.0,0.0,93766.0,0.0,106100.0,0.0,10610.0,0.0,5180.0,0.0,0.9036745384309656,0.0,0.5366619115549215,0.0,0.2689217396277128,0.0,0.9742024031160447,0.0,0.025797596883955293,0.0,0.7310782603722872,0.0,0.3582993637852871,0.0,0.5118439264028295,0.0,9405.0,0.0,8120.0,0.0,25568.0,0.0,306638.0,0.0,349731.0,0.0,34973.0,0.0,17525.0,0.0,0.41391159507605474,0.5494399248303278,if__contamination_auto__max_features_0p75__max_samples_256__n_estimators_200,False,11.876109,200,256,0.75,auto,tuning_forests,if,COUNTRY_1,by_country,mh20,COUNTRY_1/COUNTRY_1_2026-02-08,ok,,threshold_sweep,COUNTRY_1_mh20,1298103,106100,349731,1,0.42000000000000004,0.6051228941993503,,0.48,12,3
single_config_optimized_mh5_run,if_COUNTRY_1_COUNTRY_1_2026-02-08_20260330T202108Z,if__contamination_auto__max_features_0p75__max_samples_256__n_estimators_200__threshold_0p66,phase2.v1,0.6600000000000001,0.9094328126474347,0.6482428816803258,0.20589052769481278,0.9876041012848639,0.01239589871513615,0.7941094723051871,0.3123758535997275,0.4507205415858999,2,455831,0.7600000000000001,0.91,0.0,0.6524863466513366,0.0,0.21394910461828465,0.0,0.9873389883757462,0.0,0.012661011624253848,0.0,0.7860508953817154,0.0,0.32223720633118036,0.0,0.4596088473013915,0.0,2270.0,0.0,1209.0,0.0,8340.0,0.0,94281.0,0.0,106100.0,0.0,10610.0,0.0,3479.0,0.0,0.9081093754914491,0.0,0.6383414634146342,0.0,0.18708718154004517,0.0,0.9882226980728052,0.0,0.011777301927194861,0.0,0.8129128184599548,0.0,0.289366030559671,0.0,0.42998116158308625,0.0,6543.0,0.0,3707.0,0.0,28430.0,0.0,311051.0,0.0,349731.0,0.0,34973.0,0.0,10250.0,0.0,0.3123758535997275,0.4507205415858999,if__contamination_auto__max_features_0p75__max_samples_256__n_estimators_200,False,11.876109,200,256,0.75,auto,tuning_forests,if,COUNTRY_1,by_country,mh20,COUNTRY_1/COUNTRY_1_2026-02-08,ok,,threshold_sweep,COUNTRY_1_mh20,1298103,106100,349731,1,0.42000000000000004,0.6051228941993503,,0.48,12,3
single_config_optimized_mh5_run,if_COUNTRY_1_COUNTRY_1_2026-02-08_20260330T202108Z,if__contamination_auto__max_features_0p75__max_samples_256__n_estimators_200__threshold_0p72,phase2.v1,0.7200000000000001,0.9086856463757814,0.7133003239149416,0.14944937057004765,0.9930451500878316,0.006954849912168425,0.8505506294299523,0.24624341290265128,0.3848920415465884,2,455831,0.8200000000000001,0.9081998114985862,0.0,0.6761133603238867,0.0,0.15739868049010367,0.0,0.9916221593884177,0.0,0.008377840611582364,0.0,0.8426013195098964,0.0,0.25535168195718655,0.0,0.39506963871257456,0.0,1670.0,0.0,800.0,0.0,8940.0,0.0,94690.0,0.0,106100.0,0.0,10610.0,0.0,2470.0,0.0,0.9098192610892372,0.0,0.800069905627403,0.0,0.13090098075658366,0.0,0.9963654617197975,0.0,0.0036345382802025683,0.0,0.8690990192434164,0.0,0.22499078510873574,0.0,0.36114431482595405,0.0,4578.0,0.0,1144.0,0.0,30395.0,0.0,313614.0,0.0,349731.0,0.0,34973.0,0.0,5722.0,0.0,0.24624341290265128,0.3848920415465884,if__contamination_auto__max_features_0p75__max_samples_256__n_estimators_200,False,11.876109,200,256,0.75,auto,tuning_forests,if,COUNTRY_1,by_country,mh20,COUNTRY_1/COUNTRY_1_2026-02-08,ok,,threshold_sweep,COUNTRY_1_mh20,1298103,106100,349731,1,0.42000000000000004,0.6051228941993503,,0.48,12,3
single_config_optimized_mh5_run,if_COUNTRY_1_COUNTRY_1_2026-02-08_20260330T202108Z,if__contamination_auto__max_features_0p75__max_samples_256__n_estimators_200__threshold_0p78,phase2.v1,0.78,0.9060491424820429,0.7462448057561982,0.09568116031235943,0.9960899419472389,0.003910058052761009,0.9043188396876405,0.1689270250135027,0.3083079546813779,2,455831,0.88,0.9056833176248822,0.0,0.6933932007697242,0.0,0.10188501413760603,0.0,0.9949942402345795,0.0,0.0050057597654204625,0.0,0.898114985862394,0.0,0.1776645574821267,0.0,0.3183944130055311,0.0,1081.0,0.0,478.0,0.0,9529.0,0.0,95012.0,0.0,106100.0,0.0,10610.0,0.0,1559.0,0.0,0.9069027338154181,0.0,0.8695652173913043,0.0,0.08120550138678409,0.0,0.9986465792767777,0.0,0.0013534207232222852,0.0,0.9187944986132159,0.0,0.14853944925338006,0.0,0.2847728852583538,0.0,2840.0,0.0,426.0,0.0,32133.0,0.0,314332.0,0.0,349731.0,0.0,34973.0,0.0,3266.0,0.0,0.1689270250135027,0.3083079546813779,if__contamination_auto__max_features_0p75__max_samples_256__n_estimators_200,False,11.876109,200,256,0.75,auto,tuning_forests,if,COUNTRY_1,by_country,mh20,COUNTRY_1/COUNTRY_1_2026-02-08,ok,,threshold_sweep,COUNTRY_1_mh20,1298103,106100,349731,1,0.42000000000000004,0.6051228941993503,,0.48,12,3
single_config_optimized_mh5_run,if_COUNTRY_1_COUNTRY_1_2026-02-08_20260330T202108Z,if__contamination_auto__max_features_0p75__max_samples_256__n_estimators_200__threshold_0p84,phase2.v1,0.8400000000000001,0.9028744657341881,0.7655132602613727,0.045739143644755384,0.9981116320498333,0.0018883679501666712,0.9542608563552446,0.08595109961543806,0.21330108830936373,2,455831,0.9400000000000001,0.902507068803016,0.0,0.6713917525773195,0.0,0.049104618284637136,0.0,0.9973295633050582,0.0,0.0026704366949418788,0.0,0.9508953817153629,0.0,0.09151589671526436,0.0,0.22129954249857528,0.0,521.0,0.0,255.0,0.0,10089.0,0.0,95235.0,0.0,106100.0,0.0,10610.0,0.0,776.0,0.0,0.9037317252402561,0.0,0.9851301115241635,0.0,0.03788636948503131,0.0,0.9999364591209755,0.0,6.354087902452043e-05,0.0,0.9621136305149687,0.0,0.07296657304917671,0.0,0.19463802853453685,0.0,1325.0,0.0,20.0,0.0,33648.0,0.0,314738.0,0.0,349731.0,0.0,34973.0,0.0,1345.0,0.0,0.08595109961543806,0.21330108830936373,if__contamination_auto__max_features_0p75__max_samples_256__n_estimators_200,False,11.876109,200,256,0.75,auto,tuning_forests,if,COUNTRY_1,by_country,mh20,COUNTRY_1/COUNTRY_1_2026-02-08,ok,,threshold_sweep,COUNTRY_1_mh20,1298103,106100,349731,1,0.42000000000000004,0.6051228941993503,,0.48,12,3
single_config_optimized_mh5_run,if_COUNTRY_1_COUNTRY_1_2026-02-08_20260330T202108Z,if__contamination_auto__max_features_0p75__max_samples_256__n_estimators_200__threshold_0p9,phase2.v1,0.9,0.9005064056273695,0.7556213017751479,0.008955757522168779,0.9995674939784269,0.00043250602157293954,0.9910442424778312,0.01766482244651157,0.09382579208613916,2,455831,1.0,0.9004806786050895,0.0,0.650887573964497,0.0,0.010367577756833177,0.0,0.9993821342548957,0.0,0.0006178657451041994,0.0,0.9896324222431668,0.0,0.02041005659152055,0.0,0.10178984225195324,0.0,110.0,0.0,59.0,0.0,10500.0,0.0,95431.0,0.0,106100.0,0.0,10610.0,0.0,169.0,0.0,0.9005664353460231,0.0,1.0,0.0,0.005661510307951849,0.0,1.0,0.0,0.0,0.0,0.9943384896920482,0.0,0.011259276108157289,0.0,0.07524300836590632,0.0,198.0,0.0,0.0,0.0,34775.0,0.0,314758.0,0.0,349731.0,0.0,34973.0,0.0,198.0,0.0,0.01766482244651157,0.09382579208613916,if__contamination_auto__max_features_0p75__max_samples_256__n_estimators_200,False,11.876109,200,256,0.75,auto,tuning_forests,if,COUNTRY_1,by_country,mh20,COUNTRY_1/COUNTRY_1_2026-02-08,ok,,threshold_sweep,COUNTRY_1_mh20,1298103,106100,349731,1,0.42000000000000004,0.6051228941993503,,0.48,12,3
single_config_optimized_mh5_run,if_COUNTRY_1_COUNTRY_1_2026-02-08_20260330T202108Z,if__contamination_auto__max_features_1__max_samples_256__n_estimators_200__threshold_0p3,phase2.v1,0.3,0.8502326684655286,0.38740832375484846,0.8238950222351412,0.8531590663008455,0.14684093369915446,0.17610497776485876,0.5265416264789774,0.8382367572852993,2,455831,0.8500000000000001,0.8669839773798304,0.0,0.4193934373418013,0.0,0.8589066918001885,0.0,0.8678814535553461,0.0,0.1321185464446539,0.0,0.1410933081998115,0.0,0.5635919478029624,0.0,0.863382411303335,0.0,9113.0,0.0,12616.0,0.0,1497.0,0.0,82874.0,0.0,106100.0,0.0,10610.0,0.0,21729.0,0.0,0.8111462809988248,0.0,0.3127763920519587,0.0,0.7422011265833643,0.0,0.8188068293736775,0.0,0.18119317062632245,0.0,0.2577988734166357,0.0,0.4400908767230125,0.0,0.7795635645765495,0.0,25957.0,0.0,57032.0,0.0,9016.0,0.0,257726.0,0.0,349731.0,0.0,34973.0,0.0,82989.0,0.0,0.5265416264789774,0.8382367572852993,if__contamination_auto__max_features_1__max_samples_256__n_estimators_200,False,6.45261,200,256,1.0,auto,tuning_forests,if,COUNTRY_1,by_country,mh20,COUNTRY_1/COUNTRY_1_2026-02-08,ok,,threshold_sweep,COUNTRY_1_mh20,1298103,106100,349731,1,0.42000000000000004,0.6051228941993503,,0.48,12,3
single_config_optimized_mh5_run,if_COUNTRY_1_COUNTRY_1_2026-02-08_20260330T202108Z,if__contamination_auto__max_features_1__max_samples_256__n_estimators_200__threshold_0p36,phase2.v1,0.36,0.8816713550444915,0.45319964950715413,0.7497587111296008,0.8963282965538543,0.10367170344614565,0.2502412888703991,0.5638235773641744,0.8194934936458144,2,455831,0.79,0.9007351555136663,0.0,0.5023406553835074,0.0,0.7888784165881244,0.0,0.9131636820609488,0.0,0.08683631793905121,0.0,0.2111215834118756,0.0,0.6138163684364917,0.0,0.8487491499789692,0.0,8370.0,0.0,8292.0,0.0,2240.0,0.0,87198.0,0.0,106100.0,0.0,10610.0,0.0,16662.0,0.0,0.8371891539497499,0.0,0.33853730246233005,0.0,0.658479398393046,0.0,0.8570457303706339,0.0,0.14295426962936605,0.0,0.3415206016069539,0.0,0.44717373152876755,0.0,0.75123029553512,0.0,23029.0,0.0,44996.0,0.0,11944.0,0.0,269762.0,0.0,349731.0,0.0,34973.0,0.0,68025.0,0.0,0.5638235773641744,0.8194934936458144,if__contamination_auto__max_features_1__max_samples_256__n_estimators_200,False,6.45261,200,256,1.0,auto,tuning_forests,if,COUNTRY_1,by_country,mh20,COUNTRY_1/COUNTRY_1_2026-02-08,ok,,threshold_sweep,COUNTRY_1_mh20,1298103,106100,349731,1,0.42000000000000004,0.6051228941993503,,0.48,12,3
single_config_optimized_mh5_run,if_COUNTRY_1_COUNTRY_1_2026-02-08_20260330T202108Z,if__contamination_auto__max_features_1__max_samples_256__n_estimators_200__threshold_0p42,phase2.v1,0.42000000000000004,0.8978415688442769,0.504225446030472,0.6540849735353943,0.9249256073016996,0.07507439269830032,0.34591502646460565,0.5673091792370214,0.7777085314793768,2,455831,0.77,0.9149670122525919,0.0,0.5619538077403246,0.0,0.6787935909519321,0.0,0.9412085035082207,0.0,0.05879149649177924,0.0,0.32120640904806785,0.0,0.6148723640399555,0.0,0.7993036343786004,0.0,7202.0,0.0,5614.0,0.0,3408.0,0.0,89876.0,0.0,106100.0,0.0,10610.0,0.0,12816.0,0.0,0.8578822008915423,0.0,0.3695259353741497,0.0,0.5964315328968061,0.0,0.8869321828198171,0.0,0.11306781718018287,0.0,0.4035684671031939,0.0,0.4563284146968421,0.0,0.7273199580478552,0.0,20859.0,0.0,35589.0,0.0,14114.0,0.0,279169.0,0.0,349731.0,0.0,34973.0,0.0,56448.0,0.0,0.5673091792370214,0.7777085314793768,if__contamination_auto__max_features_1__max_samples_256__n_estimators_200,False,6.45261,200,256,1.0,auto,tuning_forests,if,COUNTRY_1,by_country,mh20,COUNTRY_1/COUNTRY_1_2026-02-08,ok,,threshold_sweep,COUNTRY_1_mh20,1298103,106100,349731,1,0.42000000000000004,0.6051228941993503,,0.48,12,3
single_config_optimized_mh5_run,if_COUNTRY_1_COUNTRY_1_2026-02-08_20260330T202108Z,if__contamination_auto__max_features_1__max_samples_256__n_estimators_200__threshold_0p48,phase2.v1,0.48000000000000004,0.910779074271735,0.563092860141471,0.5536971148848824,0.9504548068605445,0.04954519313945542,0.4463028851151176,0.5570768595613576,0.7252299898469139,2,455831,0.8300000000000001,0.9223185673892554,0.0,0.619935170178282,0.0,0.5768143261074458,0.0,0.9607079275316787,0.0,0.03929207246832129,0.0,0.4231856738925542,0.0,0.5975978908309736,0.0,0.7444125843947469,0.0,6120.0,0.0,3752.0,0.0,4490.0,0.0,91738.0,0.0,106100.0,0.0,10610.0,0.0,9872.0,0.0,0.8838535903308543,0.0,0.4304608033889121,0.0,0.49975695536556775,0.0,0.9265308586278983,0.0,0.07346914137210174,0.0,0.5002430446344323,0.0,0.46252778659892024,0.0,0.6804706025686369,0.0,17478.0,0.0,23125.0,0.0,17495.0,0.0,291633.0,0.0,349731.0,0.0,34973.0,0.0,40603.0,0.0,0.5570768595613576,0.7252299898469139,if__contamination_auto__max_features_1__max_samples_256__n_estimators_200,False,6.45261,200,256,1.0,auto,tuning_forests,if,COUNTRY_1,by_country,mh20,COUNTRY_1/COUNTRY_1_2026-02-08,ok,,threshold_sweep,COUNTRY_1_mh20,1298103,106100,349731,1,0.42000000000000004,0.6051228941993503,,0.48,12,3
single_config_optimized_mh5_run,if_COUNTRY_1_COUNTRY_1_2026-02-08_20260330T202108Z,if__contamination_auto__max_features_1__max_samples_256__n_estimators_200__threshold_0p54,phase2.v1,0.54,0.916024865266651,0.611046158000979,0.4513183949929005,0.9676588639804717,0.03234113601952829,0.5486816050070995,0.5189755291866918,0.6603660200427278,2,455831,0.89,0.9229783223374175,0.0,0.6591799425437451,0.0,0.4757775683317625,0.0,0.9726672950047125,0.0,0.027332704995287466,0.0,0.5242224316682376,0.0,0.5526603897525728,0.0,0.6802744155215417,0.0,5048.0,0.0,2610.0,0.0,5562.0,0.0,92880.0,0.0,106100.0,0.0,10610.0,0.0,7658.0,0.0,0.8998001321015294,0.0,0.4987339940678579,0.0,0.394246990535556,0.0,0.9559725249239098,0.0,0.0440274750760902,0.0,0.605753009464444,0.0,0.44037752119963586,0.0,0.6139130972588289,0.0,13788.0,0.0,13858.0,0.0,21185.0,0.0,300900.0,0.0,349731.0,0.0,34973.0,0.0,27646.0,0.0,0.5189755291866918,0.6603660200427278,if__contamination_auto__max_features_1__max_samples_256__n_estimators_200,False,6.45261,200,256,1.0,auto,tuning_forests,if,COUNTRY_1,by_country,mh20,COUNTRY_1/COUNTRY_1_2026-02-08,ok,,threshold_sweep,COUNTRY_1_mh20,1298103,106100,349731,1,0.42000000000000004,0.6051228941993503,,0.48,12,3
single_config_optimized_mh5_run,if_COUNTRY_1_COUNTRY_1_2026-02-08_20260330T202108Z,if__contamination_auto__max_features_1__max_samples_256__n_estimators_200__threshold_0p6,phase2.v1,0.6000000000000001,0.9158406706825873,0.6505129281352866,0.3391467956982999,0.9799177018388483,0.020082298161151778,0.6608532043017,0.4455696291349709,0.5756874264983903,2,455831,0.9500000000000001,0.9186050895381715,0.0,0.6728546409807356,0.0,0.36211121583411876,0.0,0.9804377421719552,0.0,0.01956225782804482,0.0,0.6378887841658812,0.0,0.4708333333333334,0.0,0.5958418438373936,0.0,3842.0,0.0,1868.0,0.0,6768.0,0.0,93622.0,0.0,106100.0,0.0,10610.0,0.0,5710.0,0.0,0.9093903600195579,0.0,0.5983822648292391,0.0,0.28556314871472277,0.0,0.978704274394932,0.0,0.02129572560506802,0.0,0.7144368512852772,0.0,0.38662098600545847,0.0,0.5286604527073827,0.0,9987.0,0.0,6703.0,0.0,24986.0,0.0,308055.0,0.0,349731.0,0.0,34973.0,0.0,16690.0,0.0,0.4455696291349709,0.5756874264983903,if__contamination_auto__max_features_1__max_samples_256__n_estimators_200,False,6.45261,200,256,1.0,auto,tuning_forests,if,COUNTRY_1,by_country,mh20,COUNTRY_1/COUNTRY_1_2026-02-08,ok,,threshold_sweep,COUNTRY_1_mh20,1298103,106100,349731,1,0.42000000000000004,0.6051228941993503,,0.48,12,3
single_config_optimized_mh5_run,if_COUNTRY_1_COUNTRY_1_2026-02-08_20260330T202108Z,if__contamination_auto__max_features_1__max_samples_256__n_estimators_200__threshold_0p66,phase2.v1,0.6600000000000001,0.9102018308424367,0.6658117939570833,0.21002503830004526,0.987999175101116,0.012000824898883846,0.7899749616999547,0.3181422021104481,0.4550792213508519,2,455831,1.0100000000000002,0.909679547596607,0.0,0.6397278911564626,0.0,0.22158341187558905,0.0,0.9861346737878312,0.0,0.013865326212168813,0.0,0.778416588124411,0.0,0.3291564578228911,0.0,0.4674516933189232,0.0,2351.0,0.0,1324.0,0.0,8259.0,0.0,94166.0,0.0,106100.0,0.0,10610.0,0.0,3675.0,0.0,0.9114204917493731,0.0,0.7266742338251987,0.0,0.18305549995710976,0.0,0.9923496781654477,0.0,0.00765032183455226,0.0,0.8169445000428902,0.0,0.29244227211474777,0.0,0.4262101200920187,0.0,6402.0,0.0,2408.0,0.0,28571.0,0.0,312350.0,0.0,349731.0,0.0,34973.0,0.0,8810.0,0.0,0.3181422021104481,0.4550792213508519,if__contamination_auto__max_features_1__max_samples_256__n_estimators_200,False,6.45261,200,256,1.0,auto,tuning_forests,if,COUNTRY_1,by_country,mh20,COUNTRY_1/COUNTRY_1_2026-02-08,ok,,threshold_sweep,COUNTRY_1_mh20,1298103,106100,349731,1,0.42000000000000004,0.6051228941993503,,0.48,12,3
single_config_optimized_mh5_run,if_COUNTRY_1_COUNTRY_1_2026-02-08_20260330T202108Z,if__contamination_auto__max_features_1__max_samples_256__n_estimators_200__threshold_0p72,phase2.v1,0.7200000000000001,0.9079644818818079,0.7043095487915509,0.14518783724177906,0.9927173594415453,0.007282640558454763,0.8548121627582208,0.2394347448163638,0.3792823110693898,2,455831,1.07,0.9070311027332705,0.0,0.6490807354116707,0.0,0.15306314797360981,0.0,0.9908053199287884,0.0,0.009194680071211644,0.0,0.8469368520263902,0.0,0.24771201952410007,0.0,0.38943007241005406,0.0,1624.0,0.0,878.0,0.0,8986.0,0.0,94612.0,0.0,106100.0,0.0,10610.0,0.0,2502.0,0.0,0.9101423665617289,0.0,0.8331767800112718,0.0,0.12681211220084065,0.0,0.9971787849713113,0.0,0.002821215028688707,0.0,0.8731878877991593,0.0,0.22012110383164585,0.0,0.3556042012745067,0.0,4435.0,0.0,888.0,0.0,30538.0,0.0,313870.0,0.0,349731.0,0.0,34973.0,0.0,5323.0,0.0,0.2394347448163638,0.3792823110693898,if__contamination_auto__max_features_1__max_samples_256__n_estimators_200,False,6.45261,200,256,1.0,auto,tuning_forests,if,COUNTRY_1,by_country,mh20,COUNTRY_1/COUNTRY_1_2026-02-08,ok,,threshold_sweep,COUNTRY_1_mh20,1298103,106100,349731,1,0.42000000000000004,0.6051228941993503,,0.48,12,3
single_config_optimized_mh5_run,if_COUNTRY_1_COUNTRY_1_2026-02-08_20260330T202108Z,if__contamination_auto__max_features_1__max_samples_256__n_estimators_200__threshold_0p78,phase2.v1,0.78,0.9055258803311685,0.747843536975604,0.08881479621562377,0.9962714682040905,0.00372853179590943,0.9111852037843762,0.15794826638846912,0.2970026910209803,2,455831,1.13,0.9050424128180962,0.0,0.6806212018906145,0.0,0.09500471253534401,0.0,0.995046601738402,0.0,0.004953398261598073,0.0,0.904995287464656,0.0,0.16673558845422212,0.0,0.30746400823092745,0.0,1008.0,0.0,473.0,0.0,9602.0,0.0,95017.0,0.0,106100.0,0.0,10610.0,0.0,1481.0,0.0,0.9066539711950041,0.0,0.904695652173913,0.0,0.07437165813627655,0.0,0.9991294899573641,0.0,0.0008705100426359298,0.0,0.9256283418637234,0.0,0.1374445149017121,0.0,0.27259295086443713,0.0,2601.0,0.0,274.0,0.0,32372.0,0.0,314484.0,0.0,349731.0,0.0,34973.0,0.0,2875.0,0.0,0.15794826638846912,0.2970026910209803,if__contamination_auto__max_features_1__max_samples_256__n_estimators_200,False,6.45261,200,256,1.0,auto,tuning_forests,if,COUNTRY_1,by_country,mh20,COUNTRY_1/COUNTRY_1_2026-02-08,ok,,threshold_sweep,COUNTRY_1_mh20,1298103,106100,349731,1,0.42000000000000004,0.6051228941993503,,0.48,12,3
single_config_optimized_mh5_run,if_COUNTRY_1_COUNTRY_1_2026-02-08_20260330T202108Z,if__contamination_auto__max_features_1__max_samples_256__n_estimators_200__threshold_0p84,phase2.v1,0.8400000000000001,0.9017656258017893,0.7256001188354129,0.033026448328134,0.9982921082019975,0.0017078917980024662,0.9669735516718659,0.06288528256740075,0.18101165360794996,2,455831,1.19,0.9014891611687088,0.0,0.6290849673202614,0.0,0.03628652214891612,0.0,0.9976227877264635,0.0,0.002377212273536496,0.0,0.9637134778510839,0.0,0.06861522010336837,0.0,0.1902636628027006,0.0,385.0,0.0,227.0,0.0,10225.0,0.0,95263.0,0.0,106100.0,0.0,10610.0,0.0,612.0,0.0,0.902410709945644,0.0,0.9508021390374332,0.0,0.025419609412975726,0.0,0.9998538559782436,0.0,0.00014614402175639697,0.0,0.9745803905870243,0.0,0.04951542831680963,0.0,0.15942363215353186,0.0,889.0,0.0,46.0,0.0,34084.0,0.0,314712.0,0.0,349731.0,0.0,34973.0,0.0,935.0,0.0,0.06288528256740075,0.18101165360794996,if__contamination_auto__max_features_1__max_samples_256__n_estimators_200,False,6.45261,200,256,1.0,auto,tuning_forests,if,COUNTRY_1,by_country,mh20,COUNTRY_1/COUNTRY_1_2026-02-08,ok,,threshold_sweep,COUNTRY_1_mh20,1298103,106100,349731,1,0.42000000000000004,0.6051228941993503,,0.48,12,3
single_config_optimized_mh5_run,if_COUNTRY_1_COUNTRY_1_2026-02-08_20260330T202108Z,if__contamination_auto__max_features_1__max_samples_256__n_estimators_200__threshold_0p9,phase2.v1,0.9,0.9005181499896873,0.7558139534883721,0.009139176787328035,0.9995601633678919,0.0004398366321080741,0.9908608232126719,0.018022302740382162,0.09480971225012852,2,455831,1.25,0.9004901036757775,0.0,0.6511627906976745,0.0,0.01055607917059378,0.0,0.9993716619541313,0.0,0.0006283380458686773,0.0,0.9894439208294062,0.0,0.020775366351326287,0.0,0.10271049792711402,0.0,112.0,0.0,60.0,0.0,10498.0,0.0,95430.0,0.0,106100.0,0.0,10610.0,0.0,172.0,0.0,0.9005835913888103,0.0,1.0,0.0,0.005833071226374632,0.0,1.0,0.0,0.0,0.0,0.9941669287736253,0.0,0.01159848764817921,0.0,0.07637454567049569,0.0,204.0,0.0,0.0,0.0,34769.0,0.0,314758.0,0.0,349731.0,0.0,34973.0,0.0,204.0,0.0,0.018022302740382162,0.09480971225012852,if__contamination_auto__max_features_1__max_samples_256__n_estimators_200,False,6.45261,200,256,1.0,auto,tuning_forests,if,COUNTRY_1,by_country,mh20,COUNTRY_1/COUNTRY_1_2026-02-08,ok,,threshold_sweep,COUNTRY_1_mh20,1298103,106100,349731,1,0.42000000000000004,0.6051228941993503,,0.48,12,3
single_config_optimized_mh5_run,if_COUNTRY_1_COUNTRY_1_2026-02-08_20260330T202108Z,if__contamination_auto__max_features_0p75__max_samples_256__n_estimators_100__threshold_0p3,phase2.v1,0.3,0.8399029092161477,0.37000598898043235,0.8282946976761634,0.8411927038946442,0.1588072961053558,0.17170530232383657,0.5111256643169813,0.834497353872876,2,455831,1.1,0.8573421300659755,0.0,0.40132554286212613,0.0,0.867483506126296,0.0,0.8562153105037177,0.0,0.14378468949628234,0.0,0.13251649387370407,0.0,0.5487717624612449,0.0,0.8618309924543096,0.0,9204.0,0.0,13730.0,0.0,1406.0,0.0,81760.0,0.0,106100.0,0.0,10610.0,0.0,22934.0,0.0,0.799211393899883,0.0,0.29692702992314696,0.0,0.7368541446258542,0.0,0.8061399551401394,0.0,0.19386004485986058,0.0,0.26314585537414575,0.0,0.42328476864703274,0.0,0.770718863849531,0.0,25770.0,0.0,61019.0,0.0,9203.0,0.0,253739.0,0.0,349731.0,0.0,34973.0,0.0,86789.0,0.0,0.5111256643169813,0.834497353872876,if__contamination_auto__max_features_0p75__max_samples_256__n_estimators_100,False,6.218381,100,256,0.75,auto,tuning_forests,if,COUNTRY_1,by_country,mh20,COUNTRY_1/COUNTRY_1_2026-02-08,ok,,threshold_sweep,COUNTRY_1_mh20,1298103,106100,349731,1,0.42000000000000004,0.6051228941993503,,0.48,12,3
single_config_optimized_mh5_run,if_COUNTRY_1_COUNTRY_1_2026-02-08_20260330T202108Z,if__contamination_auto__max_features_0p75__max_samples_256__n_estimators_100__threshold_0p36,phase2.v1,0.36,0.8753175470817154,0.4365925332344257,0.7641699983288575,0.8876672570259119,0.11233274297408807,0.2358300016711424,0.5549003181848152,0.8232449649987092,2,455831,1.04,0.894052780395853,0.0,0.48222835577085565,0.0,0.806880301602262,0.0,0.9037386113729187,0.0,0.09626138862708138,0.0,0.193119698397738,0.0,0.6036738003737263,0.0,0.8539372830098181,0.0,8561.0,0.0,9192.0,0.0,2049.0,0.0,86298.0,0.0,106100.0,0.0,10610.0,0.0,17753.0,0.0,0.8316020026820613,0.0,0.33010894731608925,0.0,0.6645126240242473,0.0,0.8501674302162296,0.0,0.14983256978377038,0.0,0.33548737597575273,0.0,0.4410955264106895,0.0,0.751629556306122,0.0,23240.0,0.0,47161.0,0.0,11733.0,0.0,267597.0,0.0,349731.0,0.0,34973.0,0.0,70401.0,0.0,0.5549003181848152,0.8232449649987092,if__contamination_auto__max_features_0p75__max_samples_256__n_estimators_100,False,6.218381,100,256,0.75,auto,tuning_forests,if,COUNTRY_1,by_country,mh20,COUNTRY_1/COUNTRY_1_2026-02-08,ok,,threshold_sweep,COUNTRY_1_mh20,1298103,106100,349731,1,0.42000000000000004,0.6051228941993503,,0.48,12,3
single_config_optimized_mh5_run,if_COUNTRY_1_COUNTRY_1_2026-02-08_20260330T202108Z,if__contamination_auto__max_features_0p75__max_samples_256__n_estimators_100__threshold_0p42,phase2.v1,0.42000000000000004,0.8936633899918518,0.4897702971714045,0.6584572668728721,0.9197973769269783,0.0802026230730216,0.3415427331271278,0.5594904223592625,0.7781385218617549,2,455831,1.02,0.911847313854854,0.0,0.5474017648389773,0.0,0.6840716305372291,0.0,0.9371557231123678,0.0,0.06284427688763221,0.0,0.315928369462771,0.0,0.6081528342201182,0.0,0.8006757418435839,0.0,7258.0,0.0,6001.0,0.0,3352.0,0.0,89489.0,0.0,106100.0,0.0,10610.0,0.0,13259.0,0.0,0.8512342343115137,0.0,0.3552968726137347,0.0,0.5986904183227061,0.0,0.8792945691610697,0.0,0.12070543083893022,0.0,0.4013095816772939,0.0,0.4459447946839325,0.0,0.7255516752374874,0.0,20938.0,0.0,37993.0,0.0,14035.0,0.0,276765.0,0.0,349731.0,0.0,34973.0,0.0,58931.0,0.0,0.5594904223592625,0.7781385218617549,if__contamination_auto__max_features_0p75__max_samples_256__n_estimators_100,False,6.218381,100,256,0.75,auto,tuning_forests,if,COUNTRY_1,by_country,mh20,COUNTRY_1/COUNTRY_1_2026-02-08,ok,,threshold_sweep,COUNTRY_1_mh20,1298103,106100,349731,1,0.42000000000000004,0.6051228941993503,,0.48,12,3
single_config_optimized_mh5_run,if_COUNTRY_1_COUNTRY_1_2026-02-08_20260330T202108Z,if__contamination_auto__max_features_0p75__max_samples_256__n_estimators_100__threshold_0p48,phase2.v1,0.48000000000000004,0.9085715793965369,0.5522389239823605,0.554512922625406,0.947911389261126,0.05208861073887395,0.445487077374594,0.5519768810991551,0.724717350556755,2,455831,1.08,0.9213854853911404,0.0,0.6127621508796343,0.0,0.5810556079170593,0.0,0.9591999162215938,0.0,0.04080008377840612,0.0,0.4189443920829406,0.0,0.5964878331962653,0.0,0.7465577609496338,0.0,6165.0,0.0,3896.0,0.0,4445.0,0.0,91594.0,0.0,106100.0,0.0,10610.0,0.0,10061.0,0.0,0.8786724654091287,0.0,0.4110180612220552,0.0,0.49257999027821464,0.0,0.9215714930200345,0.0,0.07842850697996556,0.0,0.5074200097217854,0.0,0.4481179928725646,0.0,0.6737563929733716,0.0,17227.0,0.0,24686.0,0.0,17746.0,0.0,290072.0,0.0,349731.0,0.0,34973.0,0.0,41913.0,0.0,0.5519768810991551,0.724717350556755,if__contamination_auto__max_features_0p75__max_samples_256__n_estimators_100,False,6.218381,100,256,0.75,auto,tuning_forests,if,COUNTRY_1,by_country,mh20,COUNTRY_1/COUNTRY_1_2026-02-08,ok,,threshold_sweep,COUNTRY_1_mh20,1298103,106100,349731,1,0.42000000000000004,0.6051228941993503,,0.48,12,3
single_config_optimized_mh5_run,if_COUNTRY_1_COUNTRY_1_2026-02-08_20260330T202108Z,if__contamination_auto__max_features_0p75__max_samples_256__n_estimators_100__threshold_0p54,phase2.v1,0.54,0.910566072314887,0.5814826082126856,0.4105169411286525,0.9661270304901616,0.03387296950983833,0.5894830588713474,0.48057545463682416,0.6293396815653014,2,455831,1.1400000000000001,0.9190009425070688,0.0,0.6405857740585774,0.0,0.43289349670122523,0.0,0.9730128809299403,0.0,0.02698711907005969,0.0,0.5671065032987748,0.0,0.5166479190101236,0.0,0.6490076643315507,0.0,4593.0,0.0,2577.0,0.0,6017.0,0.0,92913.0,0.0,106100.0,0.0,10610.0,0.0,7170.0,0.0,0.8908847085331297,0.0,0.44357522123893806,0.0,0.3583049781259829,0.0,0.9500600461306782,0.0,0.049939953869321825,0.0,0.6416950218740171,0.0,0.3964063710991253,0.0,0.5834477217773868,0.0,12531.0,0.0,15719.0,0.0,22442.0,0.0,299039.0,0.0,349731.0,0.0,34973.0,0.0,28250.0,0.0,0.48057545463682416,0.6293396815653014,if__contamination_auto__max_features_0p75__max_samples_256__n_estimators_100,False,6.218381,100,256,0.75,auto,tuning_forests,if,COUNTRY_1,by_country,mh20,COUNTRY_1/COUNTRY_1_2026-02-08,ok,,threshold_sweep,COUNTRY_1_mh20,1298103,106100,349731,1,0.42000000000000004,0.6051228941993503,,0.48,12,3
single_config_optimized_mh5_run,if_COUNTRY_1_COUNTRY_1_2026-02-08_20260330T202108Z,if__contamination_auto__max_features_0p75__max_samples_256__n_estimators_100__threshold_0p6,phase2.v1,0.6000000000000001,0.9079638364443132,0.5852873680139192,0.28060563402714356,0.9776702341845909,0.02232976581540913,0.7193943659728563,0.37923780127206314,0.5233452428824684,2,455831,1.2000000000000002,0.9122431668237512,0.0,0.6303431667670079,0.0,0.29604147031102734,0.0,0.9807100219918317,0.0,0.019289978008168396,0.0,0.7039585296889727,0.0,0.40287308407618805,0.0,0.5388235674682593,0.0,3141.0,0.0,1842.0,0.0,7469.0,0.0,93648.0,0.0,106100.0,0.0,10610.0,0.0,4983.0,0.0,0.8979787322256249,0.0,0.4801571709233792,0.0,0.24458868269808137,0.0,0.9705773959676958,0.0,0.02942260403230418,0.0,0.7554113173019186,0.0,0.3240888080624384,0.0,0.4872291521822897,0.0,8554.0,0.0,9261.0,0.0,26419.0,0.0,305497.0,0.0,349731.0,0.0,34973.0,0.0,17815.0,0.0,0.37923780127206314,0.5233452428824684,if__contamination_auto__max_features_0p75__max_samples_256__n_estimators_100,False,6.218381,100,256,0.75,auto,tuning_forests,if,COUNTRY_1,by_country,mh20,COUNTRY_1/COUNTRY_1_2026-02-08,ok,,threshold_sweep,COUNTRY_1_mh20,1298103,106100,349731,1,0.42000000000000004,0.6051228941993503,,0.48,12,3
single_config_optimized_mh5_run,if_COUNTRY_1_COUNTRY_1_2026-02-08_20260330T202108Z,if__contamination_auto__max_features_0p75__max_samples_256__n_estimators_100__threshold_0p66,phase2.v1,0.6600000000000001,0.9070614839425624,0.6115097716264597,0.19303540905785055,0.9863976372731704,0.013602362726829601,0.8069645909421495,0.2933586479469676,0.4361838086591222,2,455831,1.2600000000000002,0.9076625824693685,0.0,0.6184095543256627,0.0,0.2000942507068803,0.0,0.9862812859985339,0.0,0.013718714001466122,0.0,0.7999057492931197,0.0,0.30235704621519616,0.0,0.44424004199092065,0.0,2123.0,0.0,1310.0,0.0,8487.0,0.0,94180.0,0.0,106100.0,0.0,10610.0,0.0,3433.0,0.0,0.9056589207133483,0.0,0.5954102786616526,0.0,0.1765647785434478,0.0,0.9866691235806556,0.0,0.013330876419344386,0.0,0.8234352214565522,0.0,0.2723623853211009,0.0,0.4173859308849259,0.0,6175.0,0.0,4196.0,0.0,28798.0,0.0,310562.0,0.0,349731.0,0.0,34973.0,0.0,10371.0,0.0,0.2933586479469676,0.4361838086591222,if__contamination_auto__max_features_0p75__max_samples_256__n_estimators_100,False,6.218381,100,256,0.75,auto,tuning_forests,if,COUNTRY_1,by_country,mh20,COUNTRY_1/COUNTRY_1_2026-02-08,ok,,threshold_sweep,COUNTRY_1_mh20,1298103,106100,349731,1,0.42000000000000004,0.6051228941993503,,0.48,12,3
single_config_optimized_mh5_run,if_COUNTRY_1_COUNTRY_1_2026-02-08_20260330T202108Z,if__contamination_auto__max_features_0p75__max_samples_256__n_estimators_100__threshold_0p72,phase2.v1,0.7200000000000001,0.907323071691311,0.6744841432694173,0.14696589530100143,0.9918071196474971,0.008192880352502837,0.8530341046989987,0.24037227921553264,0.3813823201677834,2,455831,1.32,0.9067483506126296,0.0,0.6386522075910147,0.0,0.15541941564561734,0.0,0.9902293433867421,0.0,0.009770656613257933,0.0,0.8445805843543827,0.0,0.25,0.0,0.3923020085397356,0.0,1649.0,0.0,933.0,0.0,8961.0,0.0,94557.0,0.0,106100.0,0.0,10610.0,0.0,2582.0,0.0,0.9086640875415677,0.0,0.75809199318569,0.0,0.12724101449689762,0.0,0.995488597589259,0.0,0.00451140241074095,0.0,0.8727589855031024,0.0,0.21790759738510887,0.0,0.35590304729989486,0.0,4450.0,0.0,1420.0,0.0,30523.0,0.0,313338.0,0.0,349731.0,0.0,34973.0,0.0,5870.0,0.0,0.24037227921553264,0.3813823201677834,if__contamination_auto__max_features_0p75__max_samples_256__n_estimators_100,False,6.218381,100,256,0.75,auto,tuning_forests,if,COUNTRY_1,by_country,mh20,COUNTRY_1/COUNTRY_1_2026-02-08,ok,,threshold_sweep,COUNTRY_1_mh20,1298103,106100,349731,1,0.42000000000000004,0.6051228941993503,,0.48,12,3
single_config_optimized_mh5_run,if_COUNTRY_1_COUNTRY_1_2026-02-08_20260330T202108Z,if__contamination_auto__max_features_0p75__max_samples_256__n_estimators_100__threshold_0p78,phase2.v1,0.78,0.9053162094844021,0.7038699690402477,0.09677713274597478,0.9951537975569003,0.004846202443099753,0.9032228672540252,0.1694779125942496,0.3100193116526714,2,455831,1.38,0.9047502356267672,0.0,0.6512605042016807,0.0,0.10226201696512724,0.0,0.9939155932558383,0.0,0.006084406744161692,0.0,0.8977379830348727,0.0,0.17676767676767677,0.0,0.31880999554504724,0.0,1085.0,0.0,581.0,0.0,9525.0,0.0,94909.0,0.0,106100.0,0.0,10610.0,0.0,1666.0,0.0,0.906636815152217,0.0,0.826625386996904,0.0,0.08397906956795242,0.0,0.9980429409260447,0.0,0.0019570590739552292,0.0,0.9160209304320476,0.0,0.15246846285625293,0.0,0.2895077159037944,0.0,2937.0,0.0,616.0,0.0,32036.0,0.0,314142.0,0.0,349731.0,0.0,34973.0,0.0,3553.0,0.0,0.1694779125942496,0.3100193116526714,if__contamination_auto__max_features_0p75__max_samples_256__n_estimators_100,False,6.218381,100,256,0.75,auto,tuning_forests,if,COUNTRY_1,by_country,mh20,COUNTRY_1/COUNTRY_1_2026-02-08,ok,,threshold_sweep,COUNTRY_1_mh20,1298103,106100,349731,1,0.42000000000000004,0.6051228941993503,,0.48,12,3
single_config_optimized_mh5_run,if_COUNTRY_1_COUNTRY_1_2026-02-08_20260330T202108Z,if__contamination_auto__max_features_0p75__max_samples_256__n_estimators_100__threshold_0p84,phase2.v1,0.8400000000000001,0.9041350372339891,0.7911612928326872,0.05952258552598796,0.9979807746300701,0.0020192253699298376,0.9404774144740119,0.11029436688934,0.2433289799837267,2,455831,1.44,0.9038642789820923,0.0,0.7171610169491526,0.0,0.06380772855796418,0.0,0.9972038956958844,0.0,0.0027961043041156144,0.0,0.9361922714420358,0.0,0.11718885234550803,0.0,0.2522485193088503,0.0,677.0,0.0,267.0,0.0,9933.0,0.0,95223.0,0.0,106100.0,0.0,10610.0,0.0,944.0,0.0,0.9047668064884153,0.0,0.9638286032276016,0.0,0.049523918451376776,0.0,0.9997934921431703,0.0,0.00020650785682969138,0.0,0.9504760815486232,0.0,0.09420723415828121,0.0,0.22251672155843832,0.0,1732.0,0.0,65.0,0.0,33241.0,0.0,314693.0,0.0,349731.0,0.0,34973.0,0.0,1797.0,0.0,0.11029436688934,0.2433289799837267,if__contamination_auto__max_features_0p75__max_samples_256__n_estimators_100,False,6.218381,100,256,0.75,auto,tuning_forests,if,COUNTRY_1,by_country,mh20,COUNTRY_1/COUNTRY_1_2026-02-08,ok,,threshold_sweep,COUNTRY_1_mh20,1298103,106100,349731,1,0.42000000000000004,0.6051228941993503,,0.48,12,3
single_config_optimized_mh5_run,if_COUNTRY_1_COUNTRY_1_2026-02-08_20260330T202108Z,if__contamination_auto__max_features_0p75__max_samples_256__n_estimators_100__threshold_0p9,phase2.v1,0.9,0.9010609399213734,0.91144578313253,0.011994033744032996,0.9998460571787622,0.00015394282123782594,0.988005966255967,0.02365436036918387,0.10880981541037726,2,455831,1.5,0.9011687087653157,0.0,0.8734939759036144,0.0,0.013666352497643733,0.0,0.9997800816839459,0.0,0.00021991831605403707,0.0,0.9863336475023563,0.0,0.02691165553080921,0.0,0.1168903204564683,0.0,145.0,0.0,21.0,0.0,10465.0,0.0,95469.0,0.0,106100.0,0.0,10610.0,0.0,166.0,0.0,0.900809479285508,0.0,1.0,0.0,0.008091956652274612,0.0,1.0,0.0,0.0,0.0,0.9919080433477254,0.0,0.01605400499205809,0.0,0.08995530363616484,0.0,283.0,0.0,0.0,0.0,34690.0,0.0,314758.0,0.0,349731.0,0.0,34973.0,0.0,283.0,0.0,0.02365436036918387,0.10880981541037726,if__contamination_auto__max_features_0p75__max_samples_256__n_estimators_100,False,6.218381,100,256,0.75,auto,tuning_forests,if,COUNTRY_1,by_country,mh20,COUNTRY_1/COUNTRY_1_2026-02-08,ok,,threshold_sweep,COUNTRY_1_mh20,1298103,106100,349731,1,0.42000000000000004,0.6051228941993503,,0.48,12,3
